{
  "kind": "ImageStream",
  "apiVersion": "v1",
  "metadata": {
    "name": "mongodb",
    "annotations": {
      "openshift.io/display-name": "MongoDB"
    }
  },
  "spec": {
    "tags": [
      {
        "name": "latest",
        "annotations": {
          "openshift.io/display-name": "MongoDB (Latest)",
          "openshift.io/provider-display-name": "Red Hat, Inc.",
          "description": "Provides a MongoDB database on CentOS 7. For more information about using this database image, including OpenShift considerations, see https://github.com/sclorg/mongodb-container/tree/master/3.4/README.md.\n\nWARNING: By selecting this tag, your application will automatically update to use the latest version of MongoDB available on OpenShift, including major version updates.",
          "iconClass": "icon-mongodb",
          "tags": "database,mongodb"
        },
        "from": {
          "kind": "ImageStreamTag",
          "name": "3.6"
        },
        "referencePolicy": {
          "type": "Local"
        }
      },
      {
        "name": "3.6",
        "annotations": {
          "openshift.io/display-name": "MongoDB 3.6",
          "openshift.io/provider-display-name": "Red Hat, Inc.",
          "description": "Provides a MongoDB 3.6 database on CentOS 7. For more information about using this database image, including OpenShift considerations, see https://github.com/sclorg/mongodb-container/tree/master/3.6/README.md.",
          "iconClass": "icon-mongodb",
          "tags": "database,mongodb",
          "version": "3.6"
        },
        "from": {
          "kind": "DockerImage",
          "name": "quay.io/centos7/mongodb-36-centos7:latest"
        },
        "referencePolicy": {
          "type": "Local"
        }
      }
    ]
  }
}
