{
  "kind": "Template",
  "apiVersion": "v1",
  "metadata": {
    "name": "mysql-replication-example",
    "annotations": {
      "description": "MySQL Replication Example",
      "iconClass": "icon-database",
      "tags": "database,mysql,replication"
    }
  },
  "parameters": [
    {
      "name": "MYSQL_SOURCE_SERVICE_NAME",
      "description": "Service name for MySQL source service",
      "value": "mysql-source"
    },
    {
      "name": "MYSQL_SOURCE_USER",
      "description": "The username used for source-replica replication",
      "value": "source"
    },
    {
      "name": "MYSQL_SOURCE_PASSWORD",
      "description": "The password used for the MYSQL_SOURCE_USER",
      "generate": "expression",
      "from": "[a-zA-Z0-9]{12}"
    },
    {
      "name": "MYSQL_USER",
      "description": "The username that clients will use to connect to the server",
      "value": "user"
    },
    {
      "name": "MYSQL_PASSWORD",
      "description": "The password for the MYSQL_USER",
      "generate": "expression",
      "from": "[a-zA-Z0-9]{12}"
    },
    {
      "name": "MYSQL_DATABASE",
      "description": "The name of the database that will be created and replicated",
      "value": "userdb"
    },
    {
      "name": "MYSQL_ROOT_PASSWORD",
      "description": "The password for the root user",
      "generate": "expression",
      "from": "[a-zA-Z0-9]{12}"
    },
    {
      "name": "VOLUME_CAPACITY",
      "displayName": "Volume Capacity",
      "description": "Volume space available for data, e.g. 512Mi, 2Gi.",
      "value": "1Gi",
      "required": true
    }
  ],
  "objects": [
    {
      "kind": "PersistentVolumeClaim",
      "apiVersion": "v1",
      "metadata": {
        "name": "mysql-source"
      },
      "spec": {
        "accessModes": [
          "ReadWriteOnce"
        ],
        "resources": {
          "requests": {
            "storage": "${VOLUME_CAPACITY}"
          }
        }
      }
    },
    {
      "kind": "PersistentVolumeClaim",
      "apiVersion": "v1",
      "metadata": {
        "name": "mysql-replica"
      },
      "spec": {
        "accessModes": [
          "ReadWriteOnce"
        ],
        "resources": {
          "requests": {
            "storage": "${VOLUME_CAPACITY}"
          }
        }
      }
    },
    {
      "kind": "Service",
      "apiVersion": "v1",
      "metadata": {
        "name": "${MYSQL_SOURCE_SERVICE_NAME}",
        "labels": {
          "name": "mysql-source"
        }
      },
      "spec": {
        "ports": [
          {
            "port": 3306
          }
        ],
        "selector": {
          "name": "mysql-source"
        },
        "clusterIP": "None"
      }
    },
    {
      "kind": "Service",
      "apiVersion": "v1",
      "metadata": {
        "name": "mysql-replica",
        "labels": {
          "name": "mysql-replica"
        }
      },
      "spec": {
        "ports": [
          {
            "port": 3306
          }
        ],
        "selector": {
          "name": "mysql-replica"
        },
        "clusterIP": "None"
      }
    },
    {
      "kind": "DeploymentConfig",
      "apiVersion": "v1",
      "metadata": {
        "name": "mysql-source"
      },
      "spec": {
        "strategy": {
          "type": "Recreate"
        },
        "triggers": [
          {
            "type": "ConfigChange"
          }
        ],
        "replicas": 1,
        "selector": {
          "name": "mysql-source"
        },
        "template": {
          "metadata": {
            "labels": {
              "name": "mysql-source"
            }
          },
          "spec": {
            "volumes": [
              {
                "name": "mysql-source-data",
                "persistentVolumeClaim": {
                  "claimName": "mysql-source"
                }
              }
            ],
            "containers": [
              {
                "name": "server",
                "image": "quay.io/sclorg/mysql-80-c9s",
                "args": [
                  "run-mysqld-source"
                ],
                "ports": [
                  {
                    "containerPort": 3306
                  }
                ],
                "env": [
                  {
                    "name": "MYSQL_SOURCE_USER",
                    "value": "${MYSQL_SOURCE_USER}"
                  },
                  {
                    "name": "MYSQL_SOURCE_PASSWORD",
                    "value": "${MYSQL_SOURCE_PASSWORD}"
                  },
                  {
                    "name": "MYSQL_USER",
                    "value": "${MYSQL_USER}"
                  },
                  {
                    "name": "MYSQL_PASSWORD",
                    "value": "${MYSQL_PASSWORD}"
                  },
                  {
                    "name": "MYSQL_DATABASE",
                    "value": "${MYSQL_DATABASE}"
                  },
                  {
                    "name": "MYSQL_ROOT_PASSWORD",
                    "value": "${MYSQL_ROOT_PASSWORD}"
                  }
                ],
                "volumeMounts": [
                  {
                    "name": "mysql-source-data",
                    "mountPath": "/var/lib/mysql/data"
                  }
                ],
                "imagePullPolicy": "IfNotPresent"
              }
            ]
          }
        }
      }
    },
    {
      "kind": "DeploymentConfig",
      "apiVersion": "v1",
      "metadata": {
        "name": "mysql-replica"
      },
      "spec": {
        "strategy": {
          "type": "Recreate"
        },
        "triggers": [
          {
            "type": "ConfigChange"
          }
        ],
        "replicas": 1,
        "selector": {
          "name": "mysql-replica"
        },
        "template": {
          "metadata": {
            "labels": {
              "name": "mysql-replica"
            }
          },
          "spec": {
            "volumes": [
              {
                "name": "mysql-replica-data",
                "persistentVolumeClaim": {
                  "claimName": "mysql-replica"
                }
              }
            ],
            "containers": [
              {
                "name": "server",
                "image": "quay.io/sclorg/mysql-80-c9s",
                "args": [
                  "run-mysqld-replica"
                ],
                "ports": [
                  {
                    "containerPort": 3306
                  }
                ],
                "env": [
                  {
                    "name": "MYSQL_SOURCE_SERVICE_NAME",
                    "value": "${MYSQL_SOURCE_SERVICE_NAME}"
                  },
                  {
                    "name": "MYSQL_SOURCE_USER",
                    "value": "${MYSQL_SOURCE_USER}"
                  },
                  {
                    "name": "MYSQL_SOURCE_PASSWORD",
                    "value": "${MYSQL_SOURCE_PASSWORD}"
                  },
                  {
                    "name": "MYSQL_DATABASE",
                    "value": "${MYSQL_DATABASE}"
                  }
                ],
                "volumeMounts": [
                  {
                    "name": "mysql-replica-data",
                    "mountPath": "/var/lib/mysql/data"
                  }
                ],
                "imagePullPolicy": "IfNotPresent"
              }
            ]
          }
        }
      }
    }
  ]
}
